{
	"name": "金墙",
	"description": "前期的不错选择",
	"type": "Wall",
	"health": 2000,
	"size": 1,
	"lightningChance":1,
	"lightningDamage":50,
	"lightningLength":25,
    "absorbLasers":"true",
	"reload": 1,
	"healPercent": 10,
    "hasPower":"true",
    "consumesPower":"false",
    "outputsPower":"true",
	"requirements": [
	{ "item": "金锭", "amount": 15},
	{"item": "graphite", "amount": 12 }
	{"item": "钛板", "amount": 10 }
	],
	"category": "defense",
	"research": "copper-wall"
}
