{
	"type": "GenericCrafter",
	"name": "塑料压制厂",
	"description": "从石油中提取塑料成分制作塑料",
	"outputItem": { "item": "塑料", "amount": 3},
	"size": 2,
	"hasPower": true,
	"hasLiquids": true,
	"hasItems": true,
	"craftTime": 50,
	"updateEffect": "smeltsmoke",
	"itemCapacity": 20,
	"consumes": {
    "power":0.3,
    "liquid":{
	"liquid":"oil",
	"amount":0.14,
	"booster":false	},
	},
"requirements": [
	{ "item": "copper", "amount": 30 },
	{ "item": "lead", "amount": 50 },
	{ "item": "graphite", "amount": 20 }
	],
	"category": "crafting",
	"research": "alloy-smelter",
	"idleSound": "respawning",
	"idleSoundVolume": 0.5
}