{
	"name": "小型力墙",
	"description": "为前期提供的力墙输入硅可提升力墙性能",
	"type": "ForceProjector",
	"health": 300,
	"size": 1,
	"radius":50,
	"shieldHealth": 200,
	"phaseUseTime":1160,
	"phaseRadiusBoost":200,
	"consumes": {
	"power": 0.5,
		"items":{"items":[
	{"item":"silicon","amount":1}
	],
    "phaseUseTime":1000,
	"booster":true,
	"optional":true
		}
	},
	"requirements": [
	{"item": "copper", "amount": 70 }
	{"item": "lead", "amount": 20 }
	{"item": "graphite", "amount": 20 }
	],
	"category": "defense",
	"research": "copper-wall"
}
