{
	"type": "GenericCrafter",
	"name": "冷油提取厂",
	"description": "从石油中提取冷油",
	"outputLiquid": { "liquid": "冷油", "amount": 0.08},
	"size": 2,
		"drawer":{
	    "type":"DrawMulti",
	    "drawers":[
	    {
	    "type":"DrawRegion",
	    "suffix":"-bottom"
	    },
	    {
	       "type":"DrawLiquidTile",
	    "drawLiquid":"cryofluid"
	    },
	    "DrawDefault"
	]},
	"hasPower": true,
	"hasLiquids": true,
	"hasItems": true,
	"solid": true,
	"craftTime": 50,
	"liquidCapacity": 30,
	"outputsLiquid": true,
	"consumes": {
    "power":0.4,
    "liquid":{
	"liquid":"oil",
	"amount":0.2,
	"booster":false	},
	},
"requirements": [
	{ "item": "铜铅合金", "amount": 50 },
	{ "item": "lead", "amount": 35 },
	{ "item": "graphite", "amount": 20 },
	{ "item": "silicon", "amount": 15 }
	],
	"category": "crafting",
	"research": "alloy-smelter",
	"idleSound": "respawning",
	"idleSoundVolume": 0.5
}