{
	"type": "GenericCrafter",
	"name": "铜铅合金冶炼厂",
	"description": "使用铜和铅冶炼成铜铅合金",
	"outputItem": { "item": "铜铅合金", "amount": 1},
	"size": 2,
	"hasPower": true,
	"hasLiquids": false,
	"hasItems": true,
	"craftTime": 50,
	"itemCapacity": 10,
	"updateEffect":"none",
	"drawer":{
        "type":"DrawMulti",
        "drawers":[
            "DrawDefault",
			"DrawFlame"
            ]
    },
	"consumes": {
    "power":0.5,
    "items": {
	 "items": [
	  { "item": "copper" "amount": 1},
	  { "item": "lead" "amount": 1}
	]
  }
 },
"requirements": [
	{ "item": "copper", "amount": 40 }
	{ "item": "graphite", "amount": 20 }
	],
	"category": "crafting",
	"research": "copper",
	"idleSound": "respawning",
	"idleSoundVolume": 0.5
}