{
	"type": "ItemTurret",
	"name": "三管炮",
	"description": "重型炮塔，可以在短时间内倾泻大量火力。",
	"health": 500,
	"size": 1,
	"reload": 40,
	"range": 160,
    "ammoPerShot": 3,
	"consumes": {
	"coolant":{"amount":0.2,"optional":true}  
		},
	"shoot":{
		"shots":3,
	    "shotDelay":3,
		"type":"ShootAlternate",
		"barrels":3,
		//几个发射口
		"spread":6
	},
	"ammoUseEffect": "casing2Double",
	"inaccuracy": 1,
	"rotateSpeed": 12,
	"shake":1,
	"ammoTypes": {
        "copper": {
			"speed": 5,
			"damage": 12,
			"lifetime":70,
			"width": 7,
			"height": 8,
			"ammoMultiplier":2,
			"shootEffect": "shootSmall"	},
	    "graphite":{		  
	        "reloadMultiplier":0.5,
	        "speed": 5,
			"damage": 23,
			"lifetime":60,
			"width": 8,
			"height": 10,
			"ammoMultiplier":4,
			"shootEffect": "shootSmall"	    },
	    "pyratite": {
			"speed": 5,
			"damage": 13,
			"lifetime":60,
			"width": 7,
			"height": 8,
	    "makeFire":true,
			"ammoMultiplier":2,
			"shootEffect":"shootSmall",
			"status":"burning",
	     	"statusDuration":600,	
	     	"backColor":"FFD700",
			"frontColor":"FFD700"
	    },
	    "silicon":{
	        "speed": 5.3,
			"damage": 14,
		    "reloadMultiplier":1.6,
		    "lifetime":40,
			"width": 5,
			"height": 6,
			"shootEffect": "shootSmall",
			"homingRange": 40,
            "homingPower": 0.06,
			"ammoMultiplier":5
	    }
	}, 
	"researchCostMultiplier": 0.5,
	"requirements": [
{ "item": "铜铅合金", "amount": 45 },
	],
	"category": "turret",
	"research": "duo"
}
