{	
    "name":"重拳",
    "details":"使用强力激光穿透敌人",  
    //描述
    "health":950,
    "mass":20,
    "armor":4,
	"hitsize":40,
	"weapons":[ {"name":"重拳1",
	"x":7,"y":1,
	"reload":80,
	"rotate": false,
	"rotateSpeed":16,
	"shootEffect":"shootSmall",
	"shootSound":"laser",
	"bullet":{
            "type": "LaserBulletType",
            "lightningSpacing":20,
            "lightningLength":2,
            "lightningLengthRand":5,
            "lightningDealy":40,
            "lightningDamage":10,
            "lingtningAngleRand":120
	"damage": 80,
	"frontColor":"FFFFFF",
	"backColor":"FFFFFF",
	"width": 20,
	"height": 100,
	"speed": 0,
	"lifetime":10
	} 	},
	]
}
