{	
    "name":"锐刀",
    "details":"坚甲利炮-[yellow]尖刀pro!",  
    //描述
    "health":250,
    //生命值
    "boostMultiplier": 1.5, 
    "engineOffset": 5, 
    //灯泡抵消
    "engineSize": 2, 
    //灯泡大小
    "canBoost": false, 
    //可不可以飞
	"weapons":[
	{	"name": "锐刀1",	
	//炮塔名字
		"reload": 20, 
	//发射间嗝
        "x": 4.5,  "y": -0.5, 
    //炮塔xy
        "rotate": false,
    //炮塔旋转
        "inaccuracy": 0,
    //瞄准偏移
		"alternate": true,
	//等候补偿(?)
		"top":false,
	//顶部
	"ejectEffect":"casing1",
	//攻击效果
		"bullet":{
	    "damage":12,
	    //子弹伤害
	    "speed":6,
	    //子弹速度
	    "lifetime":20,
	    //子弹存在时间
	    "width":10,	 "height":16	}	}
	    //子弹宽&高
	]
}
