{
	"plans":[
	    
{ "unit": "dagger", "time": 800, "requirements": [
{ "item": "silicon", "amount": 15 },
{ "item": "lead", "amount": 10 }]},

{ "unit": "crawler", "time": 600, "requirements": [
{ "item": "silicon", "amount": 10 },
{ "item": "coal", "amount": 20 }]},

{ "unit": "nova", "time": 2400, "requirements": [
{ "item": "silicon", "amount": 30 },
{ "item": "lead", "amount": 20 },
{ "item": "titanium","amount": 20 }]},

{ "unit": "锐刀", "time": 1200, "requirements": [
{ "item": "silicon", "amount": 30 },
{ "item": "铜铅合金", "amount": 10 }]}
		
    ]
}